HTTrack3.48-21+htsswf+htsjava launched on Tue, 09 Jun 2015 22:53:13 at http://ahmad.works/bostan/ +*.png +*.gif +*.jpg +*.jpeg +*.css +*.js -ad.doubleclick.net/* -mime:application/foobar
(winhttrack -qwC2%Ps2u1%s%uN0%I0p3DaK0H0%kf2A25000%f#f -F "Mozilla/4.5 (compatible; HTTrack 3.0x; Windows 98)" -%F "<!-- Mirrored from %s%s by HTTrack Website Copier/3.x [XR&CO'2014], %s -->" -%l "en, *" http://ahmad.works/bostan/ -O1 "C:\My Web Sites\web" +*.png +*.gif +*.jpg +*.jpeg +*.css +*.js -ad.doubleclick.net/* -mime:application/foobar )

Information, Warnings and Errors reported for this mirror:
note:	the hts-log.txt file, and hts-cache folder, may contain sensitive information,
	such as username/password authentication for websites mirrored in this project
	do not share these files/folders if you want these information to remain private

23:02:07	Warning: 	Retry after error -5 (Unable to get server's address: Host desconocido. ) at link projects.asalahsolutions.com/bostan/wp-content/uploads/2013/06/thecity_1.jpg (from ahmad.works/bostan/)
23:02:38	Warning: 	Retry after error -2 (Receive Time Out) at link ahmad.works/bostan/wp-content/themes/bostan/framework/fontello/font/fontello.woff?51253260 (from ahmad.works/bostan/wp-content/themes/bostan/framework/fontello/css/fontello.css?ver=4.1.5)
23:02:39	Error: 	"Not Found" (404) at link ahmad.works/bostan/wp-content/themes/bostan/inc/shortcodes/images/prettyPhoto/sprite.png (from ahmad.works/bostan/wp-content/themes/bostan/inc/shortcodes/style.css?ver=4.1.5)
23:02:39	Error: 	"Not Found" (404) at link ahmad.works/bostan/wp-content/themes/bostan/inc/shortcodes/images/prettyPhoto/sprite_x.png (from ahmad.works/bostan/wp-content/themes/bostan/inc/shortcodes/style.css?ver=4.1.5)
23:02:39	Error: 	"Not Found" (404) at link ahmad.works/bostan/wp-content/themes/bostan/inc/shortcodes/images/prettyPhoto/sprite_y.png (from ahmad.works/bostan/wp-content/themes/bostan/inc/shortcodes/style.css?ver=4.1.5)
23:02:39	Error: 	"Not Found" (404) at link ahmad.works/bostan/wp-content/themes/bostan/inc/shortcodes/images/prettyPhoto/sprite_next.png (from ahmad.works/bostan/wp-content/themes/bostan/inc/shortcodes/style.css?ver=4.1.5)
23:02:39	Error: 	"Not Found" (404) at link ahmad.works/bostan/wp-content/themes/bostan/inc/shortcodes/images/prettyPhoto/sprite_prev.png (from ahmad.works/bostan/wp-content/themes/bostan/inc/shortcodes/style.css?ver=4.1.5)
23:02:39	Error: 	"Not Found" (404) at link ahmad.works/bostan/wp-content/themes/bostan/inc/shortcodes/images/prettyPhoto/default_thumb.png (from ahmad.works/bostan/wp-content/themes/bostan/inc/shortcodes/style.css?ver=4.1.5)
23:02:39	Error: 	"Not Found" (404) at link ahmad.works/bostan/wp-content/themes/bostan/inc/shortcodes/images/prettyPhoto/loader.gif (from ahmad.works/bostan/wp-content/themes/bostan/inc/shortcodes/style.css?ver=4.1.5)
23:02:39	Error: 	"Not Found" (404) at link ahmad.works/bostan/wp-content/themes/bostan/inc/shortcodes/images/prettyPhoto/facebook/default_thumbnail.gif (from ahmad.works/bostan/wp-content/themes/bostan/inc/shortcodes/style.css?ver=4.1.5)
23:02:40	Error: 	"Not Found" (404) at link ahmad.works/bostan/wp-content/themes/bostan/img/social.png (from ahmad.works/bostan/wp-content/themes/bostan/style.css?ver=3.1)
23:02:40	Error: 	"Not Found" (404) at link ahmad.works/bostan/TweenLite.js (from ahmad.works/bostan/wp-content/plugins/revslider/rs-plugin/js/jquery.themepunch.tools.min.js?ver=4.6.5)
23:02:40	Error: 	"Not Found" (404) at link ahmad.works/bostan/Version/ (from ahmad.works/bostan/wp-content/plugins/revslider/rs-plugin/js/jquery.themepunch.tools.min.js?ver=4.6.5)
23:02:40	Error: 	"Not Found" (404) at link ahmad.works/TweenLite.js (from ahmad.works/bostan/wp-content/plugins/revslider/rs-plugin/js/jquery.themepunch.tools.min.js?ver=4.6.5)
23:02:40	Error: 	"Not Found" (404) at link ahmad.works/bostan/ABCDEFGHIJKLMNOPQRSTUVWXYZabcdefghijklmnopqrstuvwxyz0123456789+/ (from connect.facebook.net/en_US/all.js)
23:02:40	Error: 	"Not Found" (404) at link ahmad.works/bostan/dialog/ (from connect.facebook.net/en_US/all.js)
23:02:40	Warning: 	Moved Permanently for ahmad.works/bostan/?p=23681
23:02:40	Warning: 	File has moved from ahmad.works/bostan/?p=23681 to http://ahmad.works/bostan/new-home-2/
23:02:40	Warning: 	Retry after error -5 (Unable to get server's address: unknown error) at link projects.asalahsolutions.com/bostan/wp-content/uploads/2013/05/photodune-656292-handyman-with-thumbs-up-m.png (from ahmad.works/bostan/new-home-2/)
23:02:43	Warning: 	Retry after error -5 (Unable to get server's address: unknown error) at link projects.asalahsolutions.com/bostan/wp-content/uploads/2013/05/photodune-219463-time-is-making-fools-of-us-again-confused-man-holding-a-clock-m.png (from ahmad.works/bostan/new-home-2/)
23:02:47	Warning: 	Retry after error -5 (Unable to get server's address: unknown error) at link projects.asalahsolutions.com/bostan/wp-content/uploads/2013/05/photodune-213585-whatever-you-want-s1.png (from ahmad.works/bostan/new-home-2/)
23:02:49	Warning: 	Moved Permanently for ahmad.works/bostan/?p=23684
23:02:49	Warning: 	File has moved from ahmad.works/bostan/?p=23684 to http://ahmad.works/bostan/new-home-3/
23:02:49	Warning: 	Retry after error -5 (Unable to get server's address: unknown error) at link projects.asalahsolutions.com/bostan/wp-content/uploads/2013/06/photodune-219463-time-is-making-fools-of-us-again-confused-man-holding-a-clock-m5.png (from ahmad.works/bostan/new-home-3/)
23:02:52	Warning: 	Moved Permanently for ahmad.works/bostan/?p=23686
23:02:52	Warning: 	File has moved from ahmad.works/bostan/?p=23686 to http://ahmad.works/bostan/new-home-4/
23:02:52	Warning: 	Moved Permanently for ahmad.works/bostan/?p=23688
23:02:52	Warning: 	File has moved from ahmad.works/bostan/?p=23688 to http://ahmad.works/bostan/new-home-5/
23:02:52	Warning: 	Moved Permanently for ahmad.works/bostan/?p=162
23:02:52	Warning: 	File has moved from ahmad.works/bostan/?p=162 to http://ahmad.works/bostan/blog/
23:03:02	Warning: 	Moved Permanently for ahmad.works/bostan/?p=20201
23:03:02	Warning: 	File has moved from ahmad.works/bostan/?p=20201 to http://ahmad.works/bostan/blog-left-sidebar/
23:03:03	Warning: 	Moved Permanently for ahmad.works/bostan/?p=2453
23:03:03	Warning: 	File has moved from ahmad.works/bostan/?p=2453 to http://ahmad.works/bostan/portfolio-2/
23:03:09	Warning: 	Moved Permanently for ahmad.works/bostan/?p=14991
23:03:09	Warning: 	File has moved from ahmad.works/bostan/?p=14991 to http://ahmad.works/bostan/portfolio-2-columns/
23:03:09	Warning: 	Moved Permanently for ahmad.works/bostan/?p=15039
23:03:09	Warning: 	File has moved from ahmad.works/bostan/?p=15039 to http://ahmad.works/bostan/portfolio-4-columns/
23:03:09	Warning: 	Moved Permanently for ahmad.works/bostan/?p=7599
23:03:09	Warning: 	File has moved from ahmad.works/bostan/?p=7599 to http://ahmad.works/bostan/culomns/
23:03:09	Warning: 	Moved Permanently for ahmad.works/bostan/?p=8004
23:03:09	Warning: 	File has moved from ahmad.works/bostan/?p=8004 to http://ahmad.works/bostan/google-map/
23:03:09	Warning: 	Moved Permanently for ahmad.works/bostan/?p=8417
23:03:09	Warning: 	File has moved from ahmad.works/bostan/?p=8417 to http://ahmad.works/bostan/tabs-and-toggles/
23:03:09	Warning: 	Moved Permanently for ahmad.works/bostan/?p=8887
23:03:09	Warning: 	File has moved from ahmad.works/bostan/?p=8887 to http://ahmad.works/bostan/8887-2/
23:03:09	Warning: 	Moved Permanently for ahmad.works/bostan/?p=9100
23:03:09	Warning: 	File has moved from ahmad.works/bostan/?p=9100 to http://ahmad.works/bostan/buttons/
23:03:09	Warning: 	Moved Permanently for ahmad.works/bostan/?p=9367
23:03:09	Warning: 	File has moved from ahmad.works/bostan/?p=9367 to http://ahmad.works/bostan/typography/
23:03:09	Warning: 	Moved Permanently for ahmad.works/bostan/?p=9904
23:03:09	Warning: 	File has moved from ahmad.works/bostan/?p=9904 to http://ahmad.works/bostan/videos/
23:03:09	Warning: 	Moved Permanently for ahmad.works/bostan/?p=13427
23:03:09	Warning: 	File has moved from ahmad.works/bostan/?p=13427 to http://ahmad.works/bostan/pricing-table/
23:03:09	Warning: 	Moved Permanently for ahmad.works/bostan/?p=15711
23:03:09	Warning: 	File has moved from ahmad.works/bostan/?p=15711 to http://ahmad.works/bostan/vector-icons/
23:03:09	Warning: 	Moved Permanently for ahmad.works/bostan/?p=11375
23:03:09	Warning: 	File has moved from ahmad.works/bostan/?p=11375 to http://ahmad.works/bostan/post-types-carousel/
23:03:09	Error: 	"Not Found" (404) at link widgets.digg.com/buttons.js (from ahmad.works/bostan/post-types-carousel/)
23:03:09	Warning: 	Moved Permanently for ahmad.works/bostan/?p=4712
23:03:09	Warning: 	File has moved from ahmad.works/bostan/?p=4712 to http://ahmad.works/bostan/contact/
23:03:09	Warning: 	Retry after error -5 (Unable to get server's address: unknown error) at link projects.asalahsolutions.com/bostan/wp-content/uploads/2013/06/thecity_1.jpg (from ahmad.works/bostan/)
23:03:12	Warning: 	Moved Permanently for ahmad.works/bostan/?p=20888
23:03:12	Warning: 	File has moved from ahmad.works/bostan/?p=20888 to http://ahmad.works/bostan/project/project-8/
23:03:12	Warning: 	Moved Permanently for pinterest.com/robots.txt
23:03:12	Warning: 	Redirected link is identical because of 'URL Hack' option: pinterest.com/robots.txt and https://pinterest.com/robots.txt
23:03:12	Warning: 	Warning moved treated for pinterest.com/robots.txt (real one is https://pinterest.com/robots.txt)
23:03:12	Warning: 	Moved Permanently for pinterest.com/pin/create/button/?url=http://ahmad.works/bostan/project/project-8/&media=http://ahmad.works/bostan/wp-content/uploads/2013/05/photodune-2650397-sailing-m-1024x682.jpg
23:03:12	Warning: 	Redirected link is identical because of 'URL Hack' option: pinterest.com/pin/create/button/?url=http://ahmad.works/bostan/project/project-8/&media=http://ahmad.works/bostan/wp-content/uploads/2013/05/photodune-2650397-sailing-m-1024x682.jpg and https://pinterest.com/pin/create/button/?url=http://ahmad.works/bostan/project/project-8/&media=http://ahmad.works/bostan/wp-content/uploads/2013/05/photodune-2650397-sailing-m-1024x682.jpg
23:03:12	Warning: 	File has moved from pinterest.com/pin/create/button/?url=http://ahmad.works/bostan/project/project-8/&media=http://ahmad.works/bostan/wp-content/uploads/2013/05/photodune-2650397-sailing-m-1024x682.jpg to https://pinterest.com/pin/create/button/?url=http://ahmad.works/bostan/project/project-8/&media=http://ahmad.works/bostan/wp-content/uploads/2013/05/photodune-2650397-sailing-m-1024x682.jpg
23:03:12	Warning: 	Moved Permanently for ahmad.works/bostan/?p=3447
23:03:12	Warning: 	File has moved from ahmad.works/bostan/?p=3447 to http://ahmad.works/bostan/project/project-4/
23:03:12	Warning: 	Moved Permanently for pinterest.com/pin/create/button/?url=http://ahmad.works/bostan/project/project-4/&media=http://ahmad.works/bostan/wp-content/uploads/2013/05/photodune-4628306-signing-a-document-m-1024x682.jpg
23:03:12	Warning: 	Redirected link is identical because of 'URL Hack' option: pinterest.com/pin/create/button/?url=http://ahmad.works/bostan/project/project-4/&media=http://ahmad.works/bostan/wp-content/uploads/2013/05/photodune-4628306-signing-a-document-m-1024x682.jpg and https://pinterest.com/pin/create/button/?url=http://ahmad.works/bostan/project/project-4/&media=http://ahmad.works/bostan/wp-content/uploads/2013/05/photodune-4628306-signing-a-document-m-1024x682.jpg
23:03:12	Warning: 	File has moved from pinterest.com/pin/create/button/?url=http://ahmad.works/bostan/project/project-4/&media=http://ahmad.works/bostan/wp-content/uploads/2013/05/photodune-4628306-signing-a-document-m-1024x682.jpg to https://pinterest.com/pin/create/button/?url=http://ahmad.works/bostan/project/project-4/&media=http://ahmad.works/bostan/wp-content/uploads/2013/05/photodune-4628306-signing-a-document-m-1024x682.jpg
23:03:12	Warning: 	Moved Permanently for ahmad.works/bostan/?p=20883
23:03:12	Warning: 	File has moved from ahmad.works/bostan/?p=20883 to http://ahmad.works/bostan/project/project-6/
23:03:12	Warning: 	Moved Permanently for pinterest.com/pin/create/button/?url=http://ahmad.works/bostan/project/project-6/&media=http://ahmad.works/bostan/wp-content/uploads/2013/05/photodune-3027632-interior-design-m-1-1024x1024.jpg
23:03:12	Warning: 	Redirected link is identical because of 'URL Hack' option: pinterest.com/pin/create/button/?url=http://ahmad.works/bostan/project/project-6/&media=http://ahmad.works/bostan/wp-content/uploads/2013/05/photodune-3027632-interior-design-m-1-1024x1024.jpg and https://pinterest.com/pin/create/button/?url=http://ahmad.works/bostan/project/project-6/&media=http://ahmad.works/bostan/wp-content/uploads/2013/05/photodune-3027632-interior-design-m-1-1024x1024.jpg
23:03:12	Warning: 	File has moved from pinterest.com/pin/create/button/?url=http://ahmad.works/bostan/project/project-6/&media=http://ahmad.works/bostan/wp-content/uploads/2013/05/photodune-3027632-interior-design-m-1-1024x1024.jpg to https://pinterest.com/pin/create/button/?url=http://ahmad.works/bostan/project/project-6/&media=http://ahmad.works/bostan/wp-content/uploads/2013/05/photodune-3027632-interior-design-m-1-1024x1024.jpg
23:03:12	Warning: 	Moved Permanently for ahmad.works/bostan/?p=20885
23:03:12	Warning: 	File has moved from ahmad.works/bostan/?p=20885 to http://ahmad.works/bostan/project/project-7/
23:03:12	Warning: 	Moved Permanently for pinterest.com/pin/create/button/?url=http://ahmad.works/bostan/project/project-7/&media=http://ahmad.works/bostan/wp-content/uploads/2013/05/photodune-3853785-business-analytics-m-1024x652.jpg
23:03:12	Warning: 	Redirected link is identical because of 'URL Hack' option: pinterest.com/pin/create/button/?url=http://ahmad.works/bostan/project/project-7/&media=http://ahmad.works/bostan/wp-content/uploads/2013/05/photodune-3853785-business-analytics-m-1024x652.jpg and https://pinterest.com/pin/create/button/?url=http://ahmad.works/bostan/project/project-7/&media=http://ahmad.works/bostan/wp-content/uploads/2013/05/photodune-3853785-business-analytics-m-1024x652.jpg
23:03:12	Warning: 	File has moved from pinterest.com/pin/create/button/?url=http://ahmad.works/bostan/project/project-7/&media=http://ahmad.works/bostan/wp-content/uploads/2013/05/photodune-3853785-business-analytics-m-1024x652.jpg to https://pinterest.com/pin/create/button/?url=http://ahmad.works/bostan/project/project-7/&media=http://ahmad.works/bostan/wp-content/uploads/2013/05/photodune-3853785-business-analytics-m-1024x652.jpg
23:03:13	Warning: 	Moved Permanently for ahmad.works/bostan/?p=20890
23:03:13	Warning: 	File has moved from ahmad.works/bostan/?p=20890 to http://ahmad.works/bostan/project/project-10/
23:03:13	Warning: 	Moved Permanently for pinterest.com/pin/create/button/?url=http://ahmad.works/bostan/project/project-10/&media=http://ahmad.works/bostan/wp-content/uploads/2013/05/photodune-363620-plot-of-new-house-m-1024x682.jpg
23:03:13	Warning: 	Redirected link is identical because of 'URL Hack' option: pinterest.com/pin/create/button/?url=http://ahmad.works/bostan/project/project-10/&media=http://ahmad.works/bostan/wp-content/uploads/2013/05/photodune-363620-plot-of-new-house-m-1024x682.jpg and https://pinterest.com/pin/create/button/?url=http://ahmad.works/bostan/project/project-10/&media=http://ahmad.works/bostan/wp-content/uploads/2013/05/photodune-363620-plot-of-new-house-m-1024x682.jpg
23:03:13	Warning: 	File has moved from pinterest.com/pin/create/button/?url=http://ahmad.works/bostan/project/project-10/&media=http://ahmad.works/bostan/wp-content/uploads/2013/05/photodune-363620-plot-of-new-house-m-1024x682.jpg to https://pinterest.com/pin/create/button/?url=http://ahmad.works/bostan/project/project-10/&media=http://ahmad.works/bostan/wp-content/uploads/2013/05/photodune-363620-plot-of-new-house-m-1024x682.jpg
23:03:14	Warning: 	Moved Permanently for ahmad.works/bostan/?p=20892
23:03:14	Warning: 	File has moved from ahmad.works/bostan/?p=20892 to http://ahmad.works/bostan/project/20892/
23:03:14	Warning: 	Moved Permanently for pinterest.com/pin/create/button/?url=http://ahmad.works/bostan/project/20892/&media=http://ahmad.works/bostan/wp-content/uploads/2013/05/photodune-1544745-office-m-1-1024x485.jpg
23:03:14	Warning: 	Redirected link is identical because of 'URL Hack' option: pinterest.com/pin/create/button/?url=http://ahmad.works/bostan/project/20892/&media=http://ahmad.works/bostan/wp-content/uploads/2013/05/photodune-1544745-office-m-1-1024x485.jpg and https://pinterest.com/pin/create/button/?url=http://ahmad.works/bostan/project/20892/&media=http://ahmad.works/bostan/wp-content/uploads/2013/05/photodune-1544745-office-m-1-1024x485.jpg
23:03:14	Warning: 	File has moved from pinterest.com/pin/create/button/?url=http://ahmad.works/bostan/project/20892/&media=http://ahmad.works/bostan/wp-content/uploads/2013/05/photodune-1544745-office-m-1-1024x485.jpg to https://pinterest.com/pin/create/button/?url=http://ahmad.works/bostan/project/20892/&media=http://ahmad.works/bostan/wp-content/uploads/2013/05/photodune-1544745-office-m-1-1024x485.jpg
23:03:14	Warning: 	Moved Permanently for ahmad.works/bostan/?p=20911
23:03:14	Warning: 	File has moved from ahmad.works/bostan/?p=20911 to http://ahmad.works/bostan/a-standard-image-post/
23:03:14	Warning: 	Moved Permanently for pinterest.com/pin/create/button/?url=http://ahmad.works/bostan/a-standard-image-post/&media=http://ahmad.works/bostan/wp-content/uploads/2013/05/photodune-653955-work-from-home-m-1024x682.jpg
23:03:14	Warning: 	Redirected link is identical because of 'URL Hack' option: pinterest.com/pin/create/button/?url=http://ahmad.works/bostan/a-standard-image-post/&media=http://ahmad.works/bostan/wp-content/uploads/2013/05/photodune-653955-work-from-home-m-1024x682.jpg and https://pinterest.com/pin/create/button/?url=http://ahmad.works/bostan/a-standard-image-post/&media=http://ahmad.works/bostan/wp-content/uploads/2013/05/photodune-653955-work-from-home-m-1024x682.jpg
23:03:14	Warning: 	File has moved from pinterest.com/pin/create/button/?url=http://ahmad.works/bostan/a-standard-image-post/&media=http://ahmad.works/bostan/wp-content/uploads/2013/05/photodune-653955-work-from-home-m-1024x682.jpg to https://pinterest.com/pin/create/button/?url=http://ahmad.works/bostan/a-standard-image-post/&media=http://ahmad.works/bostan/wp-content/uploads/2013/05/photodune-653955-work-from-home-m-1024x682.jpg
23:03:17	Warning: 	Moved Permanently for ahmad.works/bostan/?p=115
23:03:17	Warning: 	File has moved from ahmad.works/bostan/?p=115 to http://ahmad.works/bostan/this-is-a-gallery-post/
23:03:17	Warning: 	Moved Permanently for pinterest.com/pin/create/button/?url=http://ahmad.works/bostan/this-is-a-gallery-post/&media=http://ahmad.works/bostan/wp-content/uploads/2013/05/photodune-344850-graduate-in-hallway-m-1-1024x681.jpg
23:03:17	Warning: 	Redirected link is identical because of 'URL Hack' option: pinterest.com/pin/create/button/?url=http://ahmad.works/bostan/this-is-a-gallery-post/&media=http://ahmad.works/bostan/wp-content/uploads/2013/05/photodune-344850-graduate-in-hallway-m-1-1024x681.jpg and https://pinterest.com/pin/create/button/?url=http://ahmad.works/bostan/this-is-a-gallery-post/&media=http://ahmad.works/bostan/wp-content/uploads/2013/05/photodune-344850-graduate-in-hallway-m-1-1024x681.jpg
23:03:17	Warning: 	File has moved from pinterest.com/pin/create/button/?url=http://ahmad.works/bostan/this-is-a-gallery-post/&media=http://ahmad.works/bostan/wp-content/uploads/2013/05/photodune-344850-graduate-in-hallway-m-1-1024x681.jpg to https://pinterest.com/pin/create/button/?url=http://ahmad.works/bostan/this-is-a-gallery-post/&media=http://ahmad.works/bostan/wp-content/uploads/2013/05/photodune-344850-graduate-in-hallway-m-1-1024x681.jpg
23:03:19	Error: 	"Not Found" (404) at link ahmad.works/bostan/2W.h 1Z.h (from ahmad.works/bostan/wp-content/themes/bostan/js/owl-carousel/owl.carousel.min.js?ver=4.1.5)
23:03:19	Error: 	"Not Found" (404) at link ahmad.works/bostan/2P.h 3V.h (from ahmad.works/bostan/wp-content/themes/bostan/js/owl-carousel/owl.carousel.min.js?ver=4.1.5)
23:03:19	Error: 	"Not Found" (404) at link ahmad.works/bostan/2W.h (from ahmad.works/bostan/wp-content/themes/bostan/js/owl-carousel/owl.carousel.min.js?ver=4.1.5)
23:03:19	Error: 	"Not Found" (404) at link ahmad.works/bostan/2P.h (from ahmad.works/bostan/wp-content/themes/bostan/js/owl-carousel/owl.carousel.min.js?ver=4.1.5)
23:03:19	Error: 	"Not Found" (404) at link ahmad.works/bostan/1Z.h (from ahmad.works/bostan/wp-content/themes/bostan/js/owl-carousel/owl.carousel.min.js?ver=4.1.5)
23:03:19	Error: 	"Not Found" (404) at link ahmad.works/bostan/3V.h (from ahmad.works/bostan/wp-content/themes/bostan/js/owl-carousel/owl.carousel.min.js?ver=4.1.5)
23:03:19	Error: 	"Not Found" (404) at link ahmad.works/bostan/5A.h (from ahmad.works/bostan/wp-content/themes/bostan/js/owl-carousel/owl.carousel.min.js?ver=4.1.5)
23:03:19	Error: 	"Not Found" (404) at link ahmad.works/bostan/youtu.be/ (from ahmad.works/bostan/wp-content/themes/bostan/js/prettyphoto/js/jquery.prettyPhoto.js?ver=4.1.5)
23:03:19	Warning: 	Retry after error -5 (Unable to get server's address: unknown error) at link projects.asalahsolutions.com/bostan/wp-content/uploads/2013/05/photodune-656292-handyman-with-thumbs-up-m.png (from ahmad.works/bostan/new-home-2/)
23:03:23	Warning: 	Retry after error -5 (Unable to get server's address: unknown error) at link projects.asalahsolutions.com/bostan/wp-content/uploads/2013/05/photodune-219463-time-is-making-fools-of-us-again-confused-man-holding-a-clock-m.png (from ahmad.works/bostan/new-home-2/)
23:03:26	Warning: 	Retry after error -5 (Unable to get server's address: unknown error) at link projects.asalahsolutions.com/bostan/wp-content/uploads/2013/05/photodune-213585-whatever-you-want-s1.png (from ahmad.works/bostan/new-home-2/)
23:03:28	Warning: 	Retry after error -5 (Unable to get server's address: unknown error) at link projects.asalahsolutions.com/bostan/wp-content/uploads/2013/06/photodune-219463-time-is-making-fools-of-us-again-confused-man-holding-a-clock-m5.png (from ahmad.works/bostan/new-home-3/)
23:03:33	Warning: 	Moved Permanently for ahmad.works/bostan/?p=872
23:03:33	Warning: 	File has moved from ahmad.works/bostan/?p=872 to http://ahmad.works/bostan/this-is-an-image-post/
23:03:33	Warning: 	Moved Permanently for pinterest.com/pin/create/button/?url=http://ahmad.works/bostan/this-is-an-image-post/&media=http://ahmad.works/bostan/wp-content/uploads/2013/05/photodune-1544745-office-m-1-1024x485.jpg
23:03:33	Warning: 	Redirected link is identical because of 'URL Hack' option: pinterest.com/pin/create/button/?url=http://ahmad.works/bostan/this-is-an-image-post/&media=http://ahmad.works/bostan/wp-content/uploads/2013/05/photodune-1544745-office-m-1-1024x485.jpg and https://pinterest.com/pin/create/button/?url=http://ahmad.works/bostan/this-is-an-image-post/&media=http://ahmad.works/bostan/wp-content/uploads/2013/05/photodune-1544745-office-m-1-1024x485.jpg
23:03:33	Warning: 	File has moved from pinterest.com/pin/create/button/?url=http://ahmad.works/bostan/this-is-an-image-post/&media=http://ahmad.works/bostan/wp-content/uploads/2013/05/photodune-1544745-office-m-1-1024x485.jpg to https://pinterest.com/pin/create/button/?url=http://ahmad.works/bostan/this-is-an-image-post/&media=http://ahmad.works/bostan/wp-content/uploads/2013/05/photodune-1544745-office-m-1-1024x485.jpg
23:03:33	Warning: 	Moved Permanently for ahmad.works/bostan/?p=446
23:03:33	Warning: 	File has moved from ahmad.works/bostan/?p=446 to http://ahmad.works/bostan/this-is-soundcloud-post/
23:03:33	Warning: 	Moved Permanently for pinterest.com/pin/create/button/?url=http://ahmad.works/bostan/this-is-soundcloud-post/&media=http://ahmad.works/bostan/wp-content/uploads/2013/05/photodune-1100983-workers-s-1-1024x354.jpg
23:03:33	Warning: 	Redirected link is identical because of 'URL Hack' option: pinterest.com/pin/create/button/?url=http://ahmad.works/bostan/this-is-soundcloud-post/&media=http://ahmad.works/bostan/wp-content/uploads/2013/05/photodune-1100983-workers-s-1-1024x354.jpg and https://pinterest.com/pin/create/button/?url=http://ahmad.works/bostan/this-is-soundcloud-post/&media=http://ahmad.works/bostan/wp-content/uploads/2013/05/photodune-1100983-workers-s-1-1024x354.jpg
23:03:33	Warning: 	File has moved from pinterest.com/pin/create/button/?url=http://ahmad.works/bostan/this-is-soundcloud-post/&media=http://ahmad.works/bostan/wp-content/uploads/2013/05/photodune-1100983-workers-s-1-1024x354.jpg to https://pinterest.com/pin/create/button/?url=http://ahmad.works/bostan/this-is-soundcloud-post/&media=http://ahmad.works/bostan/wp-content/uploads/2013/05/photodune-1100983-workers-s-1-1024x354.jpg
23:03:34	Warning: 	Moved Permanently for ahmad.works/bostan/?p=354
23:03:34	Warning: 	File has moved from ahmad.works/bostan/?p=354 to http://ahmad.works/bostan/this-is-quotation-post/
23:03:35	Warning: 	Moved Permanently for ahmad.works/bostan/?p=283
23:03:35	Warning: 	File has moved from ahmad.works/bostan/?p=283 to http://ahmad.works/bostan/this-is-vimeo-video-post/
23:03:35	Warning: 	Moved Permanently for pinterest.com/pin/create/button/?url=http://ahmad.works/bostan/this-is-vimeo-video-post/&media=http://i.vimeocdn.com/video/449052255_640.jpg
23:03:35	Warning: 	Redirected link is identical because of 'URL Hack' option: pinterest.com/pin/create/button/?url=http://ahmad.works/bostan/this-is-vimeo-video-post/&media=http://i.vimeocdn.com/video/449052255_640.jpg and https://pinterest.com/pin/create/button/?url=http://ahmad.works/bostan/this-is-vimeo-video-post/&media=http://i.vimeocdn.com/video/449052255_640.jpg
23:03:35	Warning: 	File has moved from pinterest.com/pin/create/button/?url=http://ahmad.works/bostan/this-is-vimeo-video-post/&media=http://i.vimeocdn.com/video/449052255_640.jpg to https://pinterest.com/pin/create/button/?url=http://ahmad.works/bostan/this-is-vimeo-video-post/&media=http://i.vimeocdn.com/video/449052255_640.jpg
23:03:36	Warning: 	Moved Permanently for ahmad.works/bostan/?p=3601
23:03:36	Warning: 	File has moved from ahmad.works/bostan/?p=3601 to http://ahmad.works/bostan/project/project-5/
23:03:36	Warning: 	Moved Permanently for ahmad.works/bostan/?p=1211
23:03:36	Warning: 	File has moved from ahmad.works/bostan/?p=1211 to http://ahmad.works/bostan/project/project-3/
23:03:36	Warning: 	Moved Permanently for pinterest.com/pin/create/button/?url=http://ahmad.works/bostan/project/project-3/&media=http://ahmad.works/bostan/wp-content/uploads/2013/05/photodune-369302-keyboard-m-1024x682.jpg
23:03:36	Warning: 	Redirected link is identical because of 'URL Hack' option: pinterest.com/pin/create/button/?url=http://ahmad.works/bostan/project/project-3/&media=http://ahmad.works/bostan/wp-content/uploads/2013/05/photodune-369302-keyboard-m-1024x682.jpg and https://pinterest.com/pin/create/button/?url=http://ahmad.works/bostan/project/project-3/&media=http://ahmad.works/bostan/wp-content/uploads/2013/05/photodune-369302-keyboard-m-1024x682.jpg
23:03:36	Warning: 	File has moved from pinterest.com/pin/create/button/?url=http://ahmad.works/bostan/project/project-3/&media=http://ahmad.works/bostan/wp-content/uploads/2013/05/photodune-369302-keyboard-m-1024x682.jpg to https://pinterest.com/pin/create/button/?url=http://ahmad.works/bostan/project/project-3/&media=http://ahmad.works/bostan/wp-content/uploads/2013/05/photodune-369302-keyboard-m-1024x682.jpg
23:03:36	Warning: 	Moved Permanently for ahmad.works/bostan/?p=20889
23:03:36	Warning: 	File has moved from ahmad.works/bostan/?p=20889 to http://ahmad.works/bostan/project/project-9/
23:03:36	Warning: 	Moved Permanently for ahmad.works/bostan/?p=1117
23:03:36	Warning: 	File has moved from ahmad.works/bostan/?p=1117 to http://ahmad.works/bostan/project/project-2/
23:03:36	Warning: 	Moved Permanently for pinterest.com/pin/create/button/?url=http://ahmad.works/bostan/project/project-2/&media=http://ahmad.works/bostan/wp-content/uploads/2013/05/photodune-2382956-businessman-working-with-new-technologies-m-1024x669.jpg
23:03:36	Warning: 	Redirected link is identical because of 'URL Hack' option: pinterest.com/pin/create/button/?url=http://ahmad.works/bostan/project/project-2/&media=http://ahmad.works/bostan/wp-content/uploads/2013/05/photodune-2382956-businessman-working-with-new-technologies-m-1024x669.jpg and https://pinterest.com/pin/create/button/?url=http://ahmad.works/bostan/project/project-2/&media=http://ahmad.works/bostan/wp-content/uploads/2013/05/photodune-2382956-businessman-working-with-new-technologies-m-1024x669.jpg
23:03:36	Warning: 	File has moved from pinterest.com/pin/create/button/?url=http://ahmad.works/bostan/project/project-2/&media=http://ahmad.works/bostan/wp-content/uploads/2013/05/photodune-2382956-businessman-working-with-new-technologies-m-1024x669.jpg to https://pinterest.com/pin/create/button/?url=http://ahmad.works/bostan/project/project-2/&media=http://ahmad.works/bostan/wp-content/uploads/2013/05/photodune-2382956-businessman-working-with-new-technologies-m-1024x669.jpg
23:03:36	Warning: 	Moved Permanently for ahmad.works/bostan/?p=1030
23:03:36	Warning: 	File has moved from ahmad.works/bostan/?p=1030 to http://ahmad.works/bostan/project/1030/
23:03:36	Warning: 	Moved Permanently for pinterest.com/pin/create/button/?url=http://ahmad.works/bostan/project/1030/&media=http://ahmad.works/bostan/wp-content/uploads/2013/05/photodune-2473748-modern-business-workplace-m-1024x683.jpg
23:03:36	Warning: 	Redirected link is identical because of 'URL Hack' option: pinterest.com/pin/create/button/?url=http://ahmad.works/bostan/project/1030/&media=http://ahmad.works/bostan/wp-content/uploads/2013/05/photodune-2473748-modern-business-workplace-m-1024x683.jpg and https://pinterest.com/pin/create/button/?url=http://ahmad.works/bostan/project/1030/&media=http://ahmad.works/bostan/wp-content/uploads/2013/05/photodune-2473748-modern-business-workplace-m-1024x683.jpg
23:03:36	Warning: 	File has moved from pinterest.com/pin/create/button/?url=http://ahmad.works/bostan/project/1030/&media=http://ahmad.works/bostan/wp-content/uploads/2013/05/photodune-2473748-modern-business-workplace-m-1024x683.jpg to https://pinterest.com/pin/create/button/?url=http://ahmad.works/bostan/project/1030/&media=http://ahmad.works/bostan/wp-content/uploads/2013/05/photodune-2473748-modern-business-workplace-m-1024x683.jpg
23:03:37	Error: 	"Unable to get server's address: unknown error" (-5) after 2 retries at link projects.asalahsolutions.com/bostan/wp-content/uploads/2013/06/thecity_1.jpg (from ahmad.works/bostan/)
23:03:38	Warning: 	Moved Permanently for https://pinterest.com/robots.txt
23:03:38	Warning: 	Redirected link is identical because of 'URL Hack' option: https://pinterest.com/robots.txt and https://www.pinterest.com/robots.txt
23:03:38	Warning: 	Warning moved treated for https://pinterest.com/robots.txt (real one is https://www.pinterest.com/robots.txt)
23:03:38	Warning: 	Moved Permanently for https://pinterest.com/pin/create/button/?url=http://ahmad.works/bostan/project/project-8/%26media=http://ahmad.works/bostan/wp-content/uploads/2013/05/photodune-2650397-sailing-m-1024x682.jpg
23:03:38	Warning: 	Redirected link is identical because of 'URL Hack' option: https://pinterest.com/pin/create/button/?url=http://ahmad.works/bostan/project/project-8/%26media=http://ahmad.works/bostan/wp-content/uploads/2013/05/photodune-2650397-sailing-m-1024x682.jpg and https://www.pinterest.com/pin/create/button/?url=http://ahmad.works/bostan/project/project-8/%26media=http://ahmad.works/bostan/wp-content/uploads/2013/05/photodune-2650397-sailing-m-1024x682.jpg
23:03:38	Warning: 	File has moved from https://pinterest.com/pin/create/button/?url=http://ahmad.works/bostan/project/project-8/%26media=http://ahmad.works/bostan/wp-content/uploads/2013/05/photodune-2650397-sailing-m-1024x682.jpg to https://www.pinterest.com/pin/create/button/?url=http://ahmad.works/bostan/project/project-8/%26media=http://ahmad.works/bostan/wp-content/uploads/2013/05/photodune-2650397-sailing-m-1024x682.jpg
23:03:38	Warning: 	Moved Permanently for https://pinterest.com/pin/create/button/?url=http://ahmad.works/bostan/project/project-4/%26media=http://ahmad.works/bostan/wp-content/uploads/2013/05/photodune-4628306-signing-a-document-m-1024x682.jpg
23:03:38	Warning: 	Redirected link is identical because of 'URL Hack' option: https://pinterest.com/pin/create/button/?url=http://ahmad.works/bostan/project/project-4/%26media=http://ahmad.works/bostan/wp-content/uploads/2013/05/photodune-4628306-signing-a-document-m-1024x682.jpg and https://www.pinterest.com/pin/create/button/?url=http://ahmad.works/bostan/project/project-4/%26media=http://ahmad.works/bostan/wp-content/uploads/2013/05/photodune-4628306-signing-a-document-m-1024x682.jpg
23:03:38	Warning: 	File has moved from https://pinterest.com/pin/create/button/?url=http://ahmad.works/bostan/project/project-4/%26media=http://ahmad.works/bostan/wp-content/uploads/2013/05/photodune-4628306-signing-a-document-m-1024x682.jpg to https://www.pinterest.com/pin/create/button/?url=http://ahmad.works/bostan/project/project-4/%26media=http://ahmad.works/bostan/wp-content/uploads/2013/05/photodune-4628306-signing-a-document-m-1024x682.jpg
23:03:38	Warning: 	Moved Permanently for https://pinterest.com/pin/create/button/?url=http://ahmad.works/bostan/project/project-6/%26media=http://ahmad.works/bostan/wp-content/uploads/2013/05/photodune-3027632-interior-design-m-1-1024x1024.jpg
23:03:38	Warning: 	Redirected link is identical because of 'URL Hack' option: https://pinterest.com/pin/create/button/?url=http://ahmad.works/bostan/project/project-6/%26media=http://ahmad.works/bostan/wp-content/uploads/2013/05/photodune-3027632-interior-design-m-1-1024x1024.jpg and https://www.pinterest.com/pin/create/button/?url=http://ahmad.works/bostan/project/project-6/%26media=http://ahmad.works/bostan/wp-content/uploads/2013/05/photodune-3027632-interior-design-m-1-1024x1024.jpg
23:03:38	Warning: 	File has moved from https://pinterest.com/pin/create/button/?url=http://ahmad.works/bostan/project/project-6/%26media=http://ahmad.works/bostan/wp-content/uploads/2013/05/photodune-3027632-interior-design-m-1-1024x1024.jpg to https://www.pinterest.com/pin/create/button/?url=http://ahmad.works/bostan/project/project-6/%26media=http://ahmad.works/bostan/wp-content/uploads/2013/05/photodune-3027632-interior-design-m-1-1024x1024.jpg
23:03:38	Warning: 	Moved Permanently for https://pinterest.com/pin/create/button/?url=http://ahmad.works/bostan/project/project-7/%26media=http://ahmad.works/bostan/wp-content/uploads/2013/05/photodune-3853785-business-analytics-m-1024x652.jpg
23:03:38	Warning: 	Redirected link is identical because of 'URL Hack' option: https://pinterest.com/pin/create/button/?url=http://ahmad.works/bostan/project/project-7/%26media=http://ahmad.works/bostan/wp-content/uploads/2013/05/photodune-3853785-business-analytics-m-1024x652.jpg and https://www.pinterest.com/pin/create/button/?url=http://ahmad.works/bostan/project/project-7/%26media=http://ahmad.works/bostan/wp-content/uploads/2013/05/photodune-3853785-business-analytics-m-1024x652.jpg
23:03:38	Warning: 	File has moved from https://pinterest.com/pin/create/button/?url=http://ahmad.works/bostan/project/project-7/%26media=http://ahmad.works/bostan/wp-content/uploads/2013/05/photodune-3853785-business-analytics-m-1024x652.jpg to https://www.pinterest.com/pin/create/button/?url=http://ahmad.works/bostan/project/project-7/%26media=http://ahmad.works/bostan/wp-content/uploads/2013/05/photodune-3853785-business-analytics-m-1024x652.jpg
23:03:38	Warning: 	Moved Permanently for https://pinterest.com/pin/create/button/?url=http://ahmad.works/bostan/project/project-10/%26media=http://ahmad.works/bostan/wp-content/uploads/2013/05/photodune-363620-plot-of-new-house-m-1024x682.jpg
23:03:38	Warning: 	Redirected link is identical because of 'URL Hack' option: https://pinterest.com/pin/create/button/?url=http://ahmad.works/bostan/project/project-10/%26media=http://ahmad.works/bostan/wp-content/uploads/2013/05/photodune-363620-plot-of-new-house-m-1024x682.jpg and https://www.pinterest.com/pin/create/button/?url=http://ahmad.works/bostan/project/project-10/%26media=http://ahmad.works/bostan/wp-content/uploads/2013/05/photodune-363620-plot-of-new-house-m-1024x682.jpg
23:03:38	Warning: 	File has moved from https://pinterest.com/pin/create/button/?url=http://ahmad.works/bostan/project/project-10/%26media=http://ahmad.works/bostan/wp-content/uploads/2013/05/photodune-363620-plot-of-new-house-m-1024x682.jpg to https://www.pinterest.com/pin/create/button/?url=http://ahmad.works/bostan/project/project-10/%26media=http://ahmad.works/bostan/wp-content/uploads/2013/05/photodune-363620-plot-of-new-house-m-1024x682.jpg
23:03:38	Warning: 	Moved Permanently for https://pinterest.com/pin/create/button/?url=http://ahmad.works/bostan/project/20892/%26media=http://ahmad.works/bostan/wp-content/uploads/2013/05/photodune-1544745-office-m-1-1024x485.jpg
23:03:38	Warning: 	Redirected link is identical because of 'URL Hack' option: https://pinterest.com/pin/create/button/?url=http://ahmad.works/bostan/project/20892/%26media=http://ahmad.works/bostan/wp-content/uploads/2013/05/photodune-1544745-office-m-1-1024x485.jpg and https://www.pinterest.com/pin/create/button/?url=http://ahmad.works/bostan/project/20892/%26media=http://ahmad.works/bostan/wp-content/uploads/2013/05/photodune-1544745-office-m-1-1024x485.jpg
23:03:38	Warning: 	File has moved from https://pinterest.com/pin/create/button/?url=http://ahmad.works/bostan/project/20892/%26media=http://ahmad.works/bostan/wp-content/uploads/2013/05/photodune-1544745-office-m-1-1024x485.jpg to https://www.pinterest.com/pin/create/button/?url=http://ahmad.works/bostan/project/20892/%26media=http://ahmad.works/bostan/wp-content/uploads/2013/05/photodune-1544745-office-m-1-1024x485.jpg
23:03:38	Warning: 	Moved Permanently for https://pinterest.com/pin/create/button/?url=http://ahmad.works/bostan/a-standard-image-post/%26media=http://ahmad.works/bostan/wp-content/uploads/2013/05/photodune-653955-work-from-home-m-1024x682.jpg
23:03:38	Warning: 	Redirected link is identical because of 'URL Hack' option: https://pinterest.com/pin/create/button/?url=http://ahmad.works/bostan/a-standard-image-post/%26media=http://ahmad.works/bostan/wp-content/uploads/2013/05/photodune-653955-work-from-home-m-1024x682.jpg and https://www.pinterest.com/pin/create/button/?url=http://ahmad.works/bostan/a-standard-image-post/%26media=http://ahmad.works/bostan/wp-content/uploads/2013/05/photodune-653955-work-from-home-m-1024x682.jpg
23:03:38	Warning: 	File has moved from https://pinterest.com/pin/create/button/?url=http://ahmad.works/bostan/a-standard-image-post/%26media=http://ahmad.works/bostan/wp-content/uploads/2013/05/photodune-653955-work-from-home-m-1024x682.jpg to https://www.pinterest.com/pin/create/button/?url=http://ahmad.works/bostan/a-standard-image-post/%26media=http://ahmad.works/bostan/wp-content/uploads/2013/05/photodune-653955-work-from-home-m-1024x682.jpg
23:03:41	Warning: 	Moved Permanently for https://pinterest.com/pin/create/button/?url=http://ahmad.works/bostan/this-is-a-gallery-post/%26media=http://ahmad.works/bostan/wp-content/uploads/2013/05/photodune-344850-graduate-in-hallway-m-1-1024x681.jpg
23:03:41	Warning: 	Redirected link is identical because of 'URL Hack' option: https://pinterest.com/pin/create/button/?url=http://ahmad.works/bostan/this-is-a-gallery-post/%26media=http://ahmad.works/bostan/wp-content/uploads/2013/05/photodune-344850-graduate-in-hallway-m-1-1024x681.jpg and https://www.pinterest.com/pin/create/button/?url=http://ahmad.works/bostan/this-is-a-gallery-post/%26media=http://ahmad.works/bostan/wp-content/uploads/2013/05/photodune-344850-graduate-in-hallway-m-1-1024x681.jpg
23:03:41	Warning: 	File has moved from https://pinterest.com/pin/create/button/?url=http://ahmad.works/bostan/this-is-a-gallery-post/%26media=http://ahmad.works/bostan/wp-content/uploads/2013/05/photodune-344850-graduate-in-hallway-m-1-1024x681.jpg to https://www.pinterest.com/pin/create/button/?url=http://ahmad.works/bostan/this-is-a-gallery-post/%26media=http://ahmad.works/bostan/wp-content/uploads/2013/05/photodune-344850-graduate-in-hallway-m-1-1024x681.jpg
23:03:41	Warning: 	Moved Permanently for ahmad.works/bostan/?p=4110
23:03:41	Warning: 	File has moved from ahmad.works/bostan/?p=4110 to http://ahmad.works/bostan/this-is-a-youtube-post/
23:03:41	Warning: 	Moved Permanently for pinterest.com/pin/create/button/?url=http://ahmad.works/bostan/this-is-a-youtube-post/&media=http://img.youtube.com/vi/XSGBVzeBUbk/0.jpg
23:03:41	Warning: 	Redirected link is identical because of 'URL Hack' option: pinterest.com/pin/create/button/?url=http://ahmad.works/bostan/this-is-a-youtube-post/&media=http://img.youtube.com/vi/XSGBVzeBUbk/0.jpg and https://pinterest.com/pin/create/button/?url=http://ahmad.works/bostan/this-is-a-youtube-post/&media=http://img.youtube.com/vi/XSGBVzeBUbk/0.jpg
23:03:41	Warning: 	File has moved from pinterest.com/pin/create/button/?url=http://ahmad.works/bostan/this-is-a-youtube-post/&media=http://img.youtube.com/vi/XSGBVzeBUbk/0.jpg to https://pinterest.com/pin/create/button/?url=http://ahmad.works/bostan/this-is-a-youtube-post/&media=http://img.youtube.com/vi/XSGBVzeBUbk/0.jpg
23:03:42	Error: 	"Unable to get server's address: unknown error" (-5) after 2 retries at link projects.asalahsolutions.com/bostan/wp-content/uploads/2013/05/photodune-656292-handyman-with-thumbs-up-m.png (from ahmad.works/bostan/new-home-2/)
23:03:42	Error: 	"Unable to get server's address: unknown error" (-5) after 2 retries at link projects.asalahsolutions.com/bostan/wp-content/uploads/2013/05/photodune-219463-time-is-making-fools-of-us-again-confused-man-holding-a-clock-m.png (from ahmad.works/bostan/new-home-2/)
23:03:42	Error: 	"Unable to get server's address: unknown error" (-5) after 2 retries at link projects.asalahsolutions.com/bostan/wp-content/uploads/2013/05/photodune-213585-whatever-you-want-s1.png (from ahmad.works/bostan/new-home-2/)
23:03:42	Error: 	"Unable to get server's address: unknown error" (-5) after 2 retries at link projects.asalahsolutions.com/bostan/wp-content/uploads/2013/06/photodune-219463-time-is-making-fools-of-us-again-confused-man-holding-a-clock-m5.png (from ahmad.works/bostan/new-home-3/)
23:03:42	Warning: 	Moved Permanently for ahmad.works/bostan/?p=32
23:03:42	Warning: 	File has moved from ahmad.works/bostan/?p=32 to http://ahmad.works/bostan/this-is-a-standard-post/
23:03:42	Warning: 	Moved Permanently for pinterest.com/pin/create/button/?url=http://ahmad.works/bostan/this-is-a-standard-post/&media=http://ahmad.works/bostan/wp-content/themes/bostan/img/default.jpg
23:03:42	Warning: 	Redirected link is identical because of 'URL Hack' option: pinterest.com/pin/create/button/?url=http://ahmad.works/bostan/this-is-a-standard-post/&media=http://ahmad.works/bostan/wp-content/themes/bostan/img/default.jpg and https://pinterest.com/pin/create/button/?url=http://ahmad.works/bostan/this-is-a-standard-post/&media=http://ahmad.works/bostan/wp-content/themes/bostan/img/default.jpg
23:03:42	Warning: 	File has moved from pinterest.com/pin/create/button/?url=http://ahmad.works/bostan/this-is-a-standard-post/&media=http://ahmad.works/bostan/wp-content/themes/bostan/img/default.jpg to https://pinterest.com/pin/create/button/?url=http://ahmad.works/bostan/this-is-a-standard-post/&media=http://ahmad.works/bostan/wp-content/themes/bostan/img/default.jpg
23:03:43	Warning: 	Moved Permanently for https://pinterest.com/pin/create/button/?url=http://ahmad.works/bostan/this-is-an-image-post/%26media=http://ahmad.works/bostan/wp-content/uploads/2013/05/photodune-1544745-office-m-1-1024x485.jpg
23:03:43	Warning: 	Redirected link is identical because of 'URL Hack' option: https://pinterest.com/pin/create/button/?url=http://ahmad.works/bostan/this-is-an-image-post/%26media=http://ahmad.works/bostan/wp-content/uploads/2013/05/photodune-1544745-office-m-1-1024x485.jpg and https://www.pinterest.com/pin/create/button/?url=http://ahmad.works/bostan/this-is-an-image-post/%26media=http://ahmad.works/bostan/wp-content/uploads/2013/05/photodune-1544745-office-m-1-1024x485.jpg
23:03:43	Warning: 	File has moved from https://pinterest.com/pin/create/button/?url=http://ahmad.works/bostan/this-is-an-image-post/%26media=http://ahmad.works/bostan/wp-content/uploads/2013/05/photodune-1544745-office-m-1-1024x485.jpg to https://www.pinterest.com/pin/create/button/?url=http://ahmad.works/bostan/this-is-an-image-post/%26media=http://ahmad.works/bostan/wp-content/uploads/2013/05/photodune-1544745-office-m-1-1024x485.jpg
23:03:43	Warning: 	Moved Permanently for https://pinterest.com/pin/create/button/?url=http://ahmad.works/bostan/this-is-soundcloud-post/%26media=http://ahmad.works/bostan/wp-content/uploads/2013/05/photodune-1100983-workers-s-1-1024x354.jpg
23:03:43	Warning: 	Redirected link is identical because of 'URL Hack' option: https://pinterest.com/pin/create/button/?url=http://ahmad.works/bostan/this-is-soundcloud-post/%26media=http://ahmad.works/bostan/wp-content/uploads/2013/05/photodune-1100983-workers-s-1-1024x354.jpg and https://www.pinterest.com/pin/create/button/?url=http://ahmad.works/bostan/this-is-soundcloud-post/%26media=http://ahmad.works/bostan/wp-content/uploads/2013/05/photodune-1100983-workers-s-1-1024x354.jpg
23:03:43	Warning: 	File has moved from https://pinterest.com/pin/create/button/?url=http://ahmad.works/bostan/this-is-soundcloud-post/%26media=http://ahmad.works/bostan/wp-content/uploads/2013/05/photodune-1100983-workers-s-1-1024x354.jpg to https://www.pinterest.com/pin/create/button/?url=http://ahmad.works/bostan/this-is-soundcloud-post/%26media=http://ahmad.works/bostan/wp-content/uploads/2013/05/photodune-1100983-workers-s-1-1024x354.jpg
23:03:43	Warning: 	Moved Permanently for https://pinterest.com/pin/create/button/?url=http://ahmad.works/bostan/this-is-vimeo-video-post/%26media=http://i.vimeocdn.com/video/449052255_640.jpg
23:03:43	Warning: 	Redirected link is identical because of 'URL Hack' option: https://pinterest.com/pin/create/button/?url=http://ahmad.works/bostan/this-is-vimeo-video-post/%26media=http://i.vimeocdn.com/video/449052255_640.jpg and https://www.pinterest.com/pin/create/button/?url=http://ahmad.works/bostan/this-is-vimeo-video-post/%26media=http://i.vimeocdn.com/video/449052255_640.jpg
23:03:43	Warning: 	File has moved from https://pinterest.com/pin/create/button/?url=http://ahmad.works/bostan/this-is-vimeo-video-post/%26media=http://i.vimeocdn.com/video/449052255_640.jpg to https://www.pinterest.com/pin/create/button/?url=http://ahmad.works/bostan/this-is-vimeo-video-post/%26media=http://i.vimeocdn.com/video/449052255_640.jpg
23:03:43	Warning: 	Moved Permanently for https://pinterest.com/pin/create/button/?url=http://ahmad.works/bostan/project/project-3/%26media=http://ahmad.works/bostan/wp-content/uploads/2013/05/photodune-369302-keyboard-m-1024x682.jpg
23:03:43	Warning: 	Redirected link is identical because of 'URL Hack' option: https://pinterest.com/pin/create/button/?url=http://ahmad.works/bostan/project/project-3/%26media=http://ahmad.works/bostan/wp-content/uploads/2013/05/photodune-369302-keyboard-m-1024x682.jpg and https://www.pinterest.com/pin/create/button/?url=http://ahmad.works/bostan/project/project-3/%26media=http://ahmad.works/bostan/wp-content/uploads/2013/05/photodune-369302-keyboard-m-1024x682.jpg
23:03:43	Warning: 	File has moved from https://pinterest.com/pin/create/button/?url=http://ahmad.works/bostan/project/project-3/%26media=http://ahmad.works/bostan/wp-content/uploads/2013/05/photodune-369302-keyboard-m-1024x682.jpg to https://www.pinterest.com/pin/create/button/?url=http://ahmad.works/bostan/project/project-3/%26media=http://ahmad.works/bostan/wp-content/uploads/2013/05/photodune-369302-keyboard-m-1024x682.jpg
23:03:43	Warning: 	Moved Permanently for https://pinterest.com/pin/create/button/?url=http://ahmad.works/bostan/project/project-2/%26media=http://ahmad.works/bostan/wp-content/uploads/2013/05/photodune-2382956-businessman-working-with-new-technologies-m-1024x669.jpg
23:03:43	Warning: 	Redirected link is identical because of 'URL Hack' option: https://pinterest.com/pin/create/button/?url=http://ahmad.works/bostan/project/project-2/%26media=http://ahmad.works/bostan/wp-content/uploads/2013/05/photodune-2382956-businessman-working-with-new-technologies-m-1024x669.jpg and https://www.pinterest.com/pin/create/button/?url=http://ahmad.works/bostan/project/project-2/%26media=http://ahmad.works/bostan/wp-content/uploads/2013/05/photodune-2382956-businessman-working-with-new-technologies-m-1024x669.jpg
23:03:43	Warning: 	File has moved from https://pinterest.com/pin/create/button/?url=http://ahmad.works/bostan/project/project-2/%26media=http://ahmad.works/bostan/wp-content/uploads/2013/05/photodune-2382956-businessman-working-with-new-technologies-m-1024x669.jpg to https://www.pinterest.com/pin/create/button/?url=http://ahmad.works/bostan/project/project-2/%26media=http://ahmad.works/bostan/wp-content/uploads/2013/05/photodune-2382956-businessman-working-with-new-technologies-m-1024x669.jpg
23:03:43	Warning: 	Moved Permanently for https://pinterest.com/pin/create/button/?url=http://ahmad.works/bostan/project/1030/%26media=http://ahmad.works/bostan/wp-content/uploads/2013/05/photodune-2473748-modern-business-workplace-m-1024x683.jpg
23:03:43	Warning: 	Redirected link is identical because of 'URL Hack' option: https://pinterest.com/pin/create/button/?url=http://ahmad.works/bostan/project/1030/%26media=http://ahmad.works/bostan/wp-content/uploads/2013/05/photodune-2473748-modern-business-workplace-m-1024x683.jpg and https://www.pinterest.com/pin/create/button/?url=http://ahmad.works/bostan/project/1030/%26media=http://ahmad.works/bostan/wp-content/uploads/2013/05/photodune-2473748-modern-business-workplace-m-1024x683.jpg
23:03:43	Warning: 	File has moved from https://pinterest.com/pin/create/button/?url=http://ahmad.works/bostan/project/1030/%26media=http://ahmad.works/bostan/wp-content/uploads/2013/05/photodune-2473748-modern-business-workplace-m-1024x683.jpg to https://www.pinterest.com/pin/create/button/?url=http://ahmad.works/bostan/project/1030/%26media=http://ahmad.works/bostan/wp-content/uploads/2013/05/photodune-2473748-modern-business-workplace-m-1024x683.jpg
23:03:43	Warning: 	Moved Permanently for https://pinterest.com/pin/create/button/?url=http://ahmad.works/bostan/this-is-a-youtube-post/%26media=http://img.youtube.com/vi/XSGBVzeBUbk/0.jpg
23:03:43	Warning: 	Redirected link is identical because of 'URL Hack' option: https://pinterest.com/pin/create/button/?url=http://ahmad.works/bostan/this-is-a-youtube-post/%26media=http://img.youtube.com/vi/XSGBVzeBUbk/0.jpg and https://www.pinterest.com/pin/create/button/?url=http://ahmad.works/bostan/this-is-a-youtube-post/%26media=http://img.youtube.com/vi/XSGBVzeBUbk/0.jpg
23:03:43	Warning: 	File has moved from https://pinterest.com/pin/create/button/?url=http://ahmad.works/bostan/this-is-a-youtube-post/%26media=http://img.youtube.com/vi/XSGBVzeBUbk/0.jpg to https://www.pinterest.com/pin/create/button/?url=http://ahmad.works/bostan/this-is-a-youtube-post/%26media=http://img.youtube.com/vi/XSGBVzeBUbk/0.jpg
23:03:43	Warning: 	Moved Permanently for https://pinterest.com/pin/create/button/?url=http://ahmad.works/bostan/this-is-a-standard-post/%26media=http://ahmad.works/bostan/wp-content/themes/bostan/img/default.jpg
23:03:43	Warning: 	Redirected link is identical because of 'URL Hack' option: https://pinterest.com/pin/create/button/?url=http://ahmad.works/bostan/this-is-a-standard-post/%26media=http://ahmad.works/bostan/wp-content/themes/bostan/img/default.jpg and https://www.pinterest.com/pin/create/button/?url=http://ahmad.works/bostan/this-is-a-standard-post/%26media=http://ahmad.works/bostan/wp-content/themes/bostan/img/default.jpg
23:03:43	Warning: 	File has moved from https://pinterest.com/pin/create/button/?url=http://ahmad.works/bostan/this-is-a-standard-post/%26media=http://ahmad.works/bostan/wp-content/themes/bostan/img/default.jpg to https://www.pinterest.com/pin/create/button/?url=http://ahmad.works/bostan/this-is-a-standard-post/%26media=http://ahmad.works/bostan/wp-content/themes/bostan/img/default.jpg

HTTrack Website Copier/3.48-21 mirror complete in 10 minutes 31 seconds : 563 links scanned, 450 files written (13202562 bytes overall) [8688867 bytes received at 13769 bytes/sec], 7759600 bytes transferred using HTTP compression in 324 files, ratio 28%, 5.5 requests per connection
(28 errors, 191 warnings, 0 messages)
